timestamp,free_rate,throughput,fragment_rate,avg_waiting_time,avg_completion_time,avg_migration_times,unused_node_num,num task in wl
2139,0.996,0.0,0.0,0.0,0.0,0.0,498,0
12139,0.016,0.0,0.0,4976.1,0.0,0.0,8,0
22139,0.016,7.805230588554135,0.0,5203.083333333333,15281.0,0.0,8,0
32139,0.148,8.064967796135535,0.0,5341.888888888889,16796.0,0.0,74,4
42139,0.008,10.251785756662477,0.0,6692.25,23870.4,0.0,4,13
52139,0.076,11.599762174188228,0.0,10853.3125,24392.28571428572,0.0,38,4
62139,0.104,19.466035822913145,0.0,11558.857142857143,23735.571428571428,0.0,52,4
72139,0.104,16.76762916037095,0.0,12511.238095238095,23735.571428571428,0.0,52,4
82139,0.104,14.726256711184696,0.0,13463.619047619048,23735.571428571428,0.0,52,4
92139,0.136,20.629700778172108,0.0,8700.392523364486,29828.5,0.0,68,69
102139,0.002,21.9935577986861,0.0,12476.63120567376,33257.807692307695,0.0,1,97
112139,0.00375,26.966532606853995,0.001753507014028,14681.28780487805,38283.74285714285,0.0,1,77
122139,0.011,72.15385749023653,0.001010101010101,15427.684410646389,29415.117647058825,0.0,5,89
132139,0.013,89.578398504605,0.0010121457489878,17339.351170568563,28750.4598540146,0.0,6,91
142139,0.021,103.94332308514905,0.0010204081632653,20129.15460526316,29222.45614035088,0.0,10,79
152139,0.005,104.49391674718514,0.001004016064257,22614.96732026144,30214.39673913044,0.0,2,71
162139,0.009,103.37796581945122,0.001008064516129,24860.214983713355,32264.3350515464,0.0,4,63
172139,0.007,101.8897518865568,0.0010060362173038,23496.52808988764,34219.4039408867,0.0,3,73
182139,0.02475,114.32147974898292,0.0007684426229508,23255.831265508685,32143.008298755187,0.0,12,86
192139,0.015,120.96242824205392,0.0010141987829614,23110.821826280622,31227.397769516727,0.0,7,103
202139,0.01275,127.80116652402556,0.0007591093117408,22445.834600760456,30892.234113712373,0.0,6,127
212139,0.00125,139.69708540155278,0.00125,24094.330291970804,29700.27113702624,0.0,0,128
222139,0.02725,140.79832897420084,0.0012833675564681,25982.0,29995.8591160221,0.0,13,119
232139,0.079,141.0603130021237,0.0010845986984815,27881.31272084806,30537.13192612137,0.0,39,114
242139,0.2455,138.8029189845502,0.0019841269841269,29850.763668430336,31831.09768637532,0.0,122,115
252139,0.0135,133.64057127219513,0.0015182186234817,31878.982363315696,32086.07948717949,0.0,6,110
262139,0.1675,133.48643277040043,0.0017985611510791,31670.849427168578,34162.392592592594,0.0,83,128
272139,0.133,136.83595515526991,0.0011520737327188,32697.955974842767,34874.805104408355,0.0,66,142
282139,0.00175,137.4981835194709,0.00175,33446.89104477612,36260.84855233853,0.0,0,163
292139,0.0265,138.11507535796315,0.0005133470225872,33961.051748251746,37528.26338329764,0.0,13,140
302139,0.0045,146.1261207589884,0.0005020080321285,32909.622641509435,37280.48140900196,0.0,2,163
312139,0.0025,152.51666725401185,0.000501002004008,33954.06796116505,36071.84210526316,0.0,1,161
322139,0.016,155.2919702364507,0.0,35657.71720818291,35393.96373056995,0.0,8,156
332139,0.029,156.07923188785418,0.0010288065843621,37415.33932853717,37698.05833333333,0.0,14,148
342139,0.013,154.8002420069036,0.0010121457489878,37673.46666666667,39790.74388254486,0.0,6,148
352139,0.0005,160.21855006119745,0.0005,36721.28707627119,40329.40428790199,0.0,0,175
362139,0.001,164.38328928947172,0.001,31822.597402597403,39459.567489114655,0.0,0,330
372139,0.001,177.37888262181605,0.001,27535.5592020592,39333.81020942408,0.0,0,640
382139,0.003,193.31185772716208,0.001002004008016,30674.337678460583,37445.42105263158,0.0,1,608
392139,0.0025,208.872874159418,0.000501002004008,33932.40365853658,37381.63924050633,0.0,1,471
402139,0.003,238.699554134267,0.001002004008016,36622.03090909091,37247.89378937894,0.0,1,324
412139,0.001,265.6113592744196,0.001,38509.71039903265,38477.17363851618,0.0,0,264
422139,0.007,269.9622636145914,0.0010060362173038,40086.81933534744,39250.08567096285,0.0,3,242
432139,0.02325,267.7138605865242,0.0012781186094069,41148.75179425837,40493.14040328604,0.0,11,239
442139,0.0175,265.5671632676602,0.0015243902439024,42098.49144542773,41439.708609271525,0.0,8,237
452139,0.005,265.0441567747971,0.001004016064257,42515.07825086306,42490.99206921413,0.0,2,237
462139,0.00325,266.03943835079923,0.00125250501002,42999.73172103487,42315.46521433591,0.0,1,245
472139,0.03125,266.9925593945851,0.0012886597938144,43552.48237885463,42367.44962302948,0.0,15,250
482139,0.00125,266.8309346474772,0.00125,44465.53373231774,41979.64069845534,0.0,0,252
492139,0.02925,265.0958367453098,0.0012860082304526,45792.333695652174,42287.2476821192,0.0,14,246
502139,0.02125,261.1930162763697,0.0012755102040816,47084.42671009772,42934.93346508564,0.0,10,241
512139,0.16525,257.9487209527101,0.0014952153110047,48369.65491047205,44443.55853499019,0.0,82,236
522139,0.12725,254.0013291479855,0.0014302059496567,49355.83180592992,45228.07035830619,0.0,63,242
532139,0.00325,251.01411473318063,0.00125250501002,50426.493297587134,45810.808538163,0.0,1,243
542139,0.17725,248.2964700934631,0.0015169902912621,51128.87294865008,46786.96084724005,0.0,88,232
552139,0.06125,247.39857173646493,0.0013297872340425,52229.061774023234,46436.74762808349,0.0,30,230
562139,0.22725,244.38083819126584,0.0016149870801033,53014.810570382,47018.06540880503,0.0,113,230
572139,0.23725,242.07264318635856,0.0016361256544502,54090.20354906054,47084.559575795385,0.0,118,234
582139,0.07925,238.2111488836859,0.0013557483731019,55311.497912317325,47160.98442367601,0.0,39,233
592139,0.00925,234.33416815984083,0.0012600806451612,56527.57306889353,47274.890410958906,0.0,4,227
602139,0.01725,231.30340336699663,0.001270325203252,57476.826403326406,47946.609801488834,0.0,8,222
612139,0.0155,230.9122601239261,0.0015212981744421,56125.91183754334,49781.28361858191,0.0,7,251
622139,0.0175,235.25546541849968,0.0015243902439024,56017.89763399324,49287.38842975206,0.0,8,266
632139,0.00725,238.50450612919,0.0012575452716297,54408.872718978106,49362.03610315186,0.0,3,312
642139,0.02475,244.34335868090864,0.0007684426229508,54498.92844444444,48704.06057268722,0.0,12,329
652139,0.00525,245.4985823574422,0.0012550200803212,54954.38588850174,48502.05180787912,0.0,2,344
662139,0.0235,245.83599516113688,0.0015337423312883,56278.05859375,48682.57696390658,0.0,11,337
672139,0.0135,243.84956087952045,0.0015182186234817,57692.90849956635,49250.88508170796,0.0,6,329
682139,0.0015,241.1614055199893,0.0015,59049.773495019486,49538.58193277311,0.0,0,326
692139,0.0155,238.92541816022504,0.0015212981744421,59291.915994908784,50636.0987460815,0.0,7,347
702139,0.00925,238.7219624604245,0.0012600806451612,59103.9099136158,50480.13865979381,0.0,4,376
712139,0.013,240.70806401559247,0.0010121457489878,58931.81731152773,49984.70816532258,0.0,6,407
722139,0.01675,243.59631594471423,0.0007621951219512,58965.61618900077,49856.574656188604,0.0,8,423
732139,0.0055,247.3497518913758,0.0015060240963855,58457.09266840343,49005.53530534351,0.0,2,462
742139,0.0195,251.93339792141364,0.0015274949083503,59316.804761904765,48878.61414048059,0.0,9,470
752139,0.0255,252.1448827942708,0.0015368852459016,60765.76048122493,49064.56309794989,0.0,12,465
762139,0.0115,251.1038012750955,0.0015151515151515,62260.005087209305,50520.06862302483,0.0,5,454
772139,0.0255,250.0896859244256,0.0015368852459016,63844.32558983666,52299.534675615214,0.0,12,444
782139,0.0145,248.2177720328484,0.0005070993914807,62855.04622871046,53580.7160658656,0.0,7,485
792139,0.011,252.2829957873555,0.001010101010101,63222.808633582594,52474.05015131863,0.0,5,505
802139,0.003,254.3080438677087,0.001002004008016,62597.47664162039,51918.95086827615,0.0,1,547
812139,0.00225,259.26202288031976,0.00225,57141.82915586286,50975.54370127206,0.0,0,855
822139,0.00225,266.5125970182657,0.00225,56430.10467946984,49646.69913249211,0.0,0,998
832139,0.00225,272.031475510702,0.00225,58688.823229613736,48952.36603053435,0.0,0,948
842139,0.00225,277.31669000010686,0.00225,61126.09236947791,48575.00258971513,0.0,0,866
852139,0.00425,283.1876020226747,0.002254509018036,63302.85336538462,48489.29323308271,0.0,1,778
862139,0.00425,289.5236151015091,0.002254509018036,64709.59170190275,48458.86465905158,0.0,1,717
872139,0.0065,296.9031312669197,0.0025100401606425,65264.15404497286,49008.66966966967,0.0,2,711
882139,0.00625,301.0790816413286,0.0022590361445783,65974.7766497462,48856.73259596617,0.0,2,706
892139,0.01625,304.58034005911634,0.0022819472616632,66224.97772277228,48444.53418124007,0.0,7,737
902139,0.0025,308.09974959512897,0.0025,66637.31727976767,47840.194280385454,0.0,0,764
912139,0.0145,309.8369875643954,0.0025303643724696,68015.7595484026,47645.91653928462,0.0,6,762
922139,0.0025,309.6626430505596,0.0025,69548.23810662204,47991.87745839637,0.0,0,750
932139,0.0065,309.39934923868645,0.0025100401606425,71202.73974236641,48320.62432594368,0.0,2,735
942139,0.0125,308.8665260646253,0.0025252525252525,72810.13687217329,48665.69328978622,0.0,5,717
952139,0.0105,307.5282075411258,0.0025201612903225,73131.6451914099,48784.00855709649,0.0,4,746
962139,0.0085,309.360705677662,0.0025150905432595,73855.11062557498,48368.10740203193,0.0,3,761
972139,0.0165,310.7999987656086,0.0025354969574036,74276.96050552922,48277.56848727481,0.0,7,783
982139,0.0025,312.8257812794319,0.0025,74871.02951620062,48082.19291338583,0.0,0,807
992139,0.0125,313.7657122641082,0.0025252525252525,75537.73372651813,47959.09575353872,0.0,5,826
1002139,0.0165,314.5144535837843,0.0025354969574036,76782.75422626788,47778.73081140351,0.0,7,835
1012139,0.0165,313.79721559983363,0.0025354969574036,78370.77182368193,47818.435799782375,0.0,7,827
1022139,0.0165,312.7558971920649,0.0025354969574036,79991.54937473049,47983.40864864865,0.0,7,817
1032139,0.0025,311.6510470004524,0.0025,81684.93881947437,47946.4437281762,0.0,0,810
1042139,0.0265,309.904149062649,0.0005133470225872,82430.2581880051,48418.10727661851,0.0,13,822
1052139,0.0075,310.24341840764384,0.0015090543259557,83331.26094276094,48110.63022763367,0.0,3,837
1062139,0.0075,309.4374653411653,0.0015090543259557,83989.2295558323,48582.89721345952,0.0,3,857
1072139,0.004,310.0971049462803,0.0,84837.85948717949,48301.51689189189,0.0,2,874
1082139,0.006,309.9461344614694,0.002008032128514,86041.88413765017,48083.96780010304,0.0,2,880
1092139,0.006,309.32326379700754,0.002008032128514,87320.32132739782,48004.980051150895,0.0,2,883
1102139,0.016,308.868482106159,0.0020283975659229,88907.74444893016,47809.847969543145,0.0,7,887
1112139,0.014,306.7127400441851,0.0020242914979757,90559.07839580814,47924.68591691996,0.0,6,886
1122139,0.018,304.90340323257635,0.0020325203252032,92219.4767558865,48101.76616161616,0.0,8,884
1132139,0.02,303.1260295776402,0.0020366598778004,93745.85851896448,48505.4750755287,0.0,9,887
1142139,0.022,301.0771893788759,0.0020408163265306,95365.44330929487,48607.86984924623,0.0,10,892
1152139,0.012,298.8389421762478,0.002020202020202,97039.24469787916,48876.853701380176,0.0,5,890
1162139,0.02625,296.86225141742943,0.0023053278688524,98612.09283290076,49000.76383671425,0.0,12,893
1172139,0.01425,295.2141341598564,0.0022773279352226,100133.5062711527,49631.287141073655,0.0,6,895
1182139,0.00825,293.6669883998413,0.0022635814889336,101876.76935323385,50282.09233449477,0.0,3,891
1192139,0.00825,291.42105073317794,0.0022635814889336,103611.96280087528,50781.388709276296,0.0,3,890
1202139,0.00825,289.1406068682573,0.0022635814889336,105382.40242689475,51116.017648521,0.0,3,888
1212139,0.0005,287.2541845448418,0.0005,105930.880086495,51460.960794044666,0.0,0,918
1222139,0.00875,287.51950473718614,0.0027665995975855,106761.43925233644,53330.78337841161,0.0,3,921
1232139,0.00625,288.13112806266173,0.0042585170340681,106281.93905922682,53304.62472621076,0.0,1,970
1242139,0.004,290.8196264669252,0.002004008016032,106599.09793621014,52900.41569002631,0.0,1,990
1252139,0.0075,291.8781381300319,0.0015090543259557,106575.90661263584,52738.89598108747,0.0,3,1024
1262139,0.00525,293.39906301920786,0.0012550200803212,107491.3282247765,52449.43023798413,0.0,2,1032
1272139,0.004,293.67356869021387,0.002004008016032,109243.9207361516,52224.55481036078,0.0,1,1025
1282139,0.006,292.191720242501,0.002008032128514,110980.73193812557,52380.72440036901,0.0,2,1017
1292139,0.012,290.7328081576363,0.002020202020202,112771.25773008369,52602.47240110396,0.0,5,1011
1302139,0.00425,289.8934752741451,0.0002510040160642,112618.735,52788.01991302358,0.0,2,1043
1312139,0.00225,291.7666497223236,0.000250501002004,113491.448947089,52478.94696456782,0.0,1,1048
1322139,0.003,293.08869944839387,0.001002004008016,112618.30652399034,52344.21627647715,0.0,1,1104
1332139,0.001,295.8826368719781,0.001,112324.79621173684,51924.73673827269,0.0,0,1135
1342139,0.00725,298.7636899009715,0.0012575452716297,112561.59224109224,51732.67011419953,0.0,3,1168
1352139,0.0005,299.8129630163763,0.0005,114200.46903536444,51508.07225063939,0.0,0,1159
1362139,0.00275,299.0707996760977,0.000751503006012,116034.000995355,51373.00721102864,0.0,1,1147
1372139,0.005,297.45791060526665,0.001004016064257,117936.78798938288,51455.14563928874,0.0,2,1141
1382139,0.00075,295.9933841675837,0.00075,118956.5119380866,51502.06483632524,0.0,0,1154
1392139,0.00125,296.1635296475424,0.00125,119172.00016225864,51363.07481139984,0.0,0,1203
1402139,0.002,297.62527110364954,0.002,119933.03003533569,51197.16086956522,0.0,0,1212
1412139,0.00575,299.1274938232001,0.0017570281124497,119749.65121412804,51718.77561873594,0.0,2,1242
1422139,0.00275,302.30968984044455,0.000751503006012,120038.27929748212,51624.76125401929,0.0,1,1263
1432139,0.0145,303.27558986941904,0.0005070993914807,120942.95425843216,51341.26874875672,0.0,7,1277
1442139,0.003,303.0298743741068,0.001002004008016,122531.54068160884,51242.64570976671,0.0,1,1276
1452139,0.00775,302.6090477564476,0.0017605633802816,124072.27168425884,51186.59339362957,0.0,3,1275
1462139,0.00375,302.0167029263292,0.001753507014028,125744.98382173384,51150.57170808061,0.0,1,1270
1472139,0.00075,301.5497857199626,0.00075,125591.52723180797,51102.33729077462,0.0,0,1332
1482139,0.00225,302.77969880018003,0.00225,126543.72125539194,51455.49691952253,0.0,0,1338
1492139,0.003,303.0666714025972,0.001002004008016,126048.78457950737,51296.26862820023,0.0,1,1410
1502139,0.0005,304.3851467806908,0.0005,126264.44989951192,51073.67044595616,0.0,0,1458
1512139,0.00625,305.8575964246673,0.0042585170340681,126063.9629473091,50856.65103680179,0.0,1,1553
1522139,0.00325,306.0051677277831,0.00325,127306.0370473927,50755.47115562976,0.0,0,1566
1532139,0.003,306.0944209370038,0.003,129252.8946560625,50662.21094325718,0.0,0,1540
1542139,0.005,306.1264905433298,0.003006012024048,131258.57728222996,50569.74194729136,0.0,1,1512
1552139,0.009,305.99115156567814,0.0030181086519114,132979.7249861034,50465.92668728397,0.0,3,1511
1562139,0.00175,305.5810014345715,0.00175,133229.04205479453,50550.16814479638,0.0,0,1560
1572139,0.005,306.1103375719323,0.003006012024048,134202.66014935507,50292.03859964093,0.0,1,1586
1582139,0.00225,306.3599342409232,0.00225,133985.83933333334,50417.41265597148,0.0,0,1662
1592139,0.01225,307.0405284965697,0.0022727272727272,135369.74417064124,50642.54383174267,0.0,5,1685
1602139,0.004,306.5801406744358,0.002004008016032,137049.05540897098,50587.07669305189,0.0,1,1691
1612139,0.00475,305.58953043130896,0.002755511022044,138824.25571916907,50564.19607155384,0.0,1,1699
1622139,0.00675,304.61113381775544,0.0027610441767068,141058.0185379963,50522.48172757475,0.0,2,1688
1632139,0.00275,303.3800429987887,0.00275,143240.90417981072,50688.1045192811,0.0,0,1678
1642139,0.00875,302.16394592662374,0.0027665995975855,144905.08930208196,50870.33188229149,0.0,3,1689
1652139,0.00875,302.6360372825773,0.0027665995975855,146257.3163716814,51819.31346120616,0.0,3,1698
1662139,0.00175,302.5826359889275,0.00175,147146.08974854933,51858.01855351314,0.0,0,1727
1672139,0.00475,303.0465768695067,0.002755511022044,148289.54914256462,51687.12463768116,0.0,1,1749
1682139,0.00875,302.8886435663165,0.0027665995975855,150063.50006378363,51586.31236221808,0.0,3,1751
1692139,0.00275,301.9666824061144,0.00275,152129.15609072376,51500.25397362191,0.0,0,1746
1702139,0.00675,300.7509962464875,0.0027610441767068,154239.50394703337,51525.583459915615,0.0,2,1745
1712139,0.01275,299.3476581048617,0.0027777777777777,156461.30175706645,51558.57097100472,0.0,5,1743
1722139,0.01275,297.7097667493739,0.0027777777777777,158680.55309396485,51672.3302999663,0.0,5,1741
1732139,0.00275,296.09078717123737,0.00275,160340.42210098958,51729.75808625337,0.0,0,1759
1742139,0.00475,294.8375531458741,0.002755511022044,162312.4767574414,51674.18048780488,0.0,1,1765
1752139,0.00275,293.549313153808,0.00275,164024.3163741952,51655.22072904418,0.0,0,1774
1762139,0.00275,292.71697635657574,0.00275,165519.20369439558,51577.4770519263,0.0,0,1794
1772139,0.00275,291.45524137779256,0.00275,166955.17079269816,51533.84192037471,0.0,0,1826
1782139,0.00275,290.0622229803623,0.00275,168604.06351974094,51615.86428213271,0.0,0,1851
1792139,0.00275,288.5883293650772,0.00275,170537.53734310923,51681.8598396258,0.0,0,1859
1802139,0.00275,287.1787359354633,0.00275,172598.4146916491,51748.02721202003,0.0,0,1860
1812139,0.00275,285.8323782005685,0.00275,174013.4141464017,52033.60783986656,0.0,0,1882
1822139,0.00125,285.16463343356355,0.00125,173781.65807392995,52435.08812770203,0.0,0,1957
1832139,0.004,285.2115478137849,0.004,174416.03863745788,52760.37053571428,0.0,0,2002
1842139,0.0035,286.71191479036054,0.0035,173960.42253521126,52960.98740389334,0.0,0,2083
1852139,0.00375,289.3156507152001,0.00375,174658.0552887431,52965.26136730087,0.0,0,2081
1862139,0.0025,290.9170582861967,0.0025,171658.6111174135,52739.34513556619,0.0,0,2298
1872139,0.0035,291.947553039598,0.0035,173919.4893014831,52769.31109705976,0.0,0,2270
1882139,0.0055,292.2326140630421,0.0035070140280561,176236.65249830432,52704.13634935596,0.0,1,2245
1892139,0.0055,292.6973124067524,0.0035070140280561,178577.2745031617,52645.114352574106,0.0,1,2213
1902139,0.00325,293.42965997753055,0.00325,179540.56352848987,53419.00495356037,0.0,0,2220
1912139,0.00525,295.82619255190133,0.0032565130260521,180519.6290788013,54184.02764625019,0.0,1,2219
1922139,0.00325,297.928089487805,0.00325,179947.7371522095,54101.34686179843,0.0,0,2277
1932139,0.00325,300.8131402554371,0.00325,180250.0760775862,54511.52608889549,0.0,0,2293
1942139,0.00525,303.17912363636174,0.0032565130260521,180980.8250106701,54730.92883345561,0.0,1,2302
1952139,0.00325,305.122534819498,0.00325,182604.3598130841,54454.05192921381,0.0,0,2272
1962139,0.00525,306.38563322985783,0.0032565130260521,184748.2993637328,54307.63797068123,0.0,1,2249
1972139,0.00925,306.27780293376884,0.0032696177062374,186761.8940628638,54666.42182806465,0.0,3,2229
1982139,0.00925,306.3890070272569,0.0032696177062374,189081.09977780128,54757.53421539337,0.0,3,2209
1992139,0.005,305.9352786125868,0.003006012024048,188512.2224768253,54843.28607882053,0.0,1,2286
2002139,0.00275,307.25539036001,0.00275,189815.6392254324,54813.30421348315,0.0,0,2288
2012139,0.003,307.83241118034096,0.001002004008016,189905.8153641571,54670.48695773469,0.0,1,2337
2022139,0.00375,309.72826299280115,0.001753507014028,190495.85077499747,54607.22541040144,0.0,1,2363
2032139,0.0025,310.9677044729716,0.000501002004008,191851.7903485795,54428.93081761006,0.0,1,2373
2042139,0.0005,311.1372928091575,0.0005,193617.0168691636,54397.31289094371,0.0,0,2368
2052139,0.0115,311.09471629358444,0.0015151515151515,195785.03029087264,54372.12884016782,0.0,5,2359
2062139,0.0075,310.3402825900679,0.0015090543259557,197995.82882341152,54373.628864587554,0.0,3,2354
2072139,0.00075,309.42634639857647,0.00075,199207.3225388601,54702.53793289314,0.0,0,2375
2082139,0.0005,309.766062688418,0.0005,199357.4703970052,54532.37521768252,0.0,0,2438
2092139,0.00175,310.5155059008986,0.00175,200459.7880211392,54737.192445803965,0.0,0,2452
2102139,0.00325,311.50442477876106,0.00125250501002,201003.61812893843,55220.64850244096,0.0,1,2479
2112139,0.00375,312.8521370989315,0.001753507014028,201418.0704482196,55376.41200313807,0.0,1,2498
2122139,0.00325,314.1871479672161,0.00325,202682.49088653497,55275.04470649216,0.0,0,2513
2132139,0.00725,314.2939555066532,0.0032630522088353,204379.0767402054,55221.37570912841,0.0,2,2523
2142139,0.00325,313.95609715335934,0.00325,206359.21787815524,55442.568730729705,0.0,0,2526
2152139,0.01525,313.13962527513326,0.0032894736842105,208525.8333649289,55782.98615384616,0.0,6,2527
2162139,0.00025,312.21082455845806,0.00025,208915.4919740918,55862.466914117496,0.0,0,2593
2172139,0.0045,312.3247637467031,0.00250501002004,210260.3957983193,56109.69510952624,0.0,1,2606
2182139,0.00225,312.3584702899311,0.00225,210880.70381340245,56009.66966662442,0.0,0,2651
2192139,0.0065,313.377208288343,0.0025100401606425,211769.73130626493,56219.93120362219,0.0,2,2664
2202139,0.005,314.2689902862626,0.003006012024048,213341.24807903403,55993.50224719101,0.0,1,2676
2212139,0.005,314.25439359823235,0.003006012024048,215214.2876299945,55955.39721600796,0.0,1,2673
2222139,0.007,314.1232839169827,0.003012048192771,217323.13826395848,55989.11709369972,0.0,2,2669
2232139,0.005,313.56756904475924,0.003006012024048,219560.3353353353,56393.96049870386,0.0,1,2663
2242139,0.0085,312.70853412745595,0.0025150905432595,221842.74763550385,56635.242883548985,0.0,3,2663
2252139,0.0005,312.35585370174755,0.0005,221285.91917832795,57432.86821419799,0.0,0,2745
2262139,0.0025,313.22849745307434,0.000501002004008,223002.2931342749,57330.88672113157,0.0,1,2743
2272139,0.0,313.71320152508275,0.0,223117.2166106492,57164.99333333333,0.0,0,2797
2282139,0.00375,315.02656060827144,0.001753507014028,223823.89849096333,57497.02535752914,0.0,1,2825
2292139,0.00825,315.9892135686361,0.0022635814889336,226070.2745836985,58975.10485506382,0.0,3,2800
2302139,0.00425,316.2679577558089,0.002254509018036,228173.7184984249,59116.32075471698,0.0,1,2784
2312139,0.01025,315.8342988894699,0.0022681451612903,230333.46407970635,59141.985565546616,0.0,4,2775
2322139,0.00425,315.3299608679756,0.002254509018036,232460.1458496989,59283.13203539823,0.0,1,2770
2332139,0.01425,314.8299479576475,0.0022773279352226,234637.3968087889,59644.392680630735,0.0,6,2766
2342139,0.00425,314.07597926510766,0.002254509018036,236746.0420585162,60416.44373972281,0.0,1,2760
2352139,0.01025,313.47535158423887,0.0022681451612903,238963.3710954494,60964.02941176471,0.0,4,2761
2362139,0.00825,312.477462164589,0.0022635814889336,240953.70476852253,61547.385344726674,0.0,3,2763
2372139,0.01425,311.88863721729626,0.0022773279352226,242815.79114308,61869.65058974658,0.0,6,2770
2382139,0.01425,311.1596762405552,0.0022773279352226,244945.1327042936,62015.6269961534,0.0,6,2770
2392139,0.01625,310.25621838864714,0.0022819472616632,247342.9858898892,62161.11280558789,0.0,7,2767
2402139,0.00425,309.10850704309786,0.002254509018036,249592.55255644952,62452.50593437282,0.0,1,2764
2412139,0.00225,308.1494059836519,0.00225,251836.32353449767,62720.27409043357,0.0,0,2761
2422139,0.00225,307.66194673385803,0.000250501002004,252313.6831402832,63549.26144927536,0.0,1,2793
2432139,0.008,308.4928945261763,0.0020120724346076,253751.6197435897,63521.14509442653,0.0,3,2800
2442139,0.00125,308.5740819830485,0.00125,253784.0656167979,63486.332148589776,0.0,0,2849
2452139,0.007,309.9230508547844,0.0010060362173038,254052.82254679763,63951.36061846294,0.0,3,2880
2462139,0.004,311.0856048338457,0.002004008016032,254798.1692654048,63953.2950930626,0.0,1,2904
2472139,0.008,311.8193596719278,0.0020120724346076,256611.6336716021,63863.05940372114,0.0,3,2898
2482139,0.012,311.67698505200553,0.002020202020202,258937.72301679687,63790.42863524682,0.0,5,2887
2492139,0.004,310.9463797966325,0.002004008016032,261295.4960093116,64380.7092206489,0.0,1,2880
2502139,0.012,309.9799011965363,0.002020202020202,263363.53931744583,64810.69031970592,0.0,5,2882
2512139,0.004,309.5026190827817,0.002004008016032,263097.9325223967,65146.38437604178,0.0,1,2940
2522139,0.004,310.67344028223664,0.002004008016032,263894.33700890304,65240.895357812326,0.0,1,2957
2532139,0.004,311.42555760169563,0.002004008016032,262767.4672467972,65437.37887586282,0.0,1,3052
2542139,0.002,312.3077062269215,0.002,262792.2154374202,65360.64849276309,0.0,0,3102
2552139,0.001,313.7923130362413,0.001,263374.9942947702,65372.06214262596,0.0,0,3117
2562139,0.005,315.0292782710072,0.001004016064257,265147.29247668723,65454.27777777778,0.0,2,3109
2572139,0.009,314.946587256754,0.001008064516129,267232.0125473485,65502.27090443686,0.0,4,3095
2582139,0.003,314.5968516799444,0.001002004008016,269612.0441025641,65641.27696234843,0.0,1,3085
2592139,0.0005,313.81650443899804,0.0005,270294.7181376391,65771.90812533192,0.0,0,3136
2602139,0.0,314.03825852500574,0.0,270222.2368012422,65890.62613660394,0.0,0,3211
2612139,0.0015,314.45677278276537,0.0015,269951.94820962043,65797.03450089408,0.0,0,3291
2622139,0.00075,315.0368458727779,0.00075,270098.25877694006,65592.23773663843,0.0,0,3351
2632139,0.004,315.7109863878769,0.002004008016032,271133.04104195064,65634.27188604699,0.0,1,3369
2642139,0.008,316.47812624543974,0.0020120724346076,272774.6720247528,65817.04949369705,0.0,3,3352
2652139,0.006,316.783396345365,0.002008032128514,275122.084464555,65825.84502262443,0.0,2,3335
2662139,0.008,315.98289946542985,0.0020120724346076,277575.86481188267,65809.992810189,0.0,3,3328
2672139,0.006,315.156060369614,0.002008032128514,280022.5113071009,65782.58079409049,0.0,2,3322
2682139,0.004,314.5930915586403,0.002004008016032,280632.0597439545,65938.08529592464,0.0,1,3374
2692139,0.004,314.9329213684732,0.002004008016032,281462.11667534785,66064.14766126567,0.0,1,3418
2702139,0.002,314.82259054771055,0.002,280948.9127171033,65946.38827950436,0.0,0,3521
2712139,0.00175,314.9997843030907,0.00175,280822.3724675703,65748.89805825242,0.0,0,3604
2722139,0.002,315.5565531370735,0.002,282060.44913349283,66053.30014081673,0.0,0,3607
2732139,0.004,315.7297633831954,0.002004008016032,283870.4366278649,65910.01612580128,0.0,1,3612
2742139,0.002,316.0277433054998,0.002,285854.5496320877,65843.22023928215,0.0,0,3593
2752139,0.006,316.57470789084414,0.002008032128514,288181.48915315315,66104.4178897263,0.0,2,3553
2762139,0.002,317.1489921397873,0.002,290138.36449942464,66101.38218759246,0.0,0,3543
2772139,0.0015,317.5321295216438,0.0015,290677.8246679046,66144.18855516294,0.0,0,3569
2782139,0.0015,318.8131146574632,0.0015,291519.64494142705,65986.08445353595,0.0,0,3590
2792139,0.00125,319.83737199329977,0.00125,291168.030573517,65932.81859520124,0.0,0,3649
2802139,0.0035,321.1626546720202,0.001503006012024,292845.7615610987,65749.79589093702,0.0,1,3640
2812139,0.0635,321.64896543165185,0.0015991471215351,294848.66025596194,65723.92004967046,0.0,31,3632
2822139,0.00925,321.4582981206808,0.0012600806451612,297144.7439032912,65874.51885714286,0.0,4,3635
2832139,0.00925,320.7198516739468,0.0012600806451612,299296.6128401954,65989.79434985256,0.0,4,3620
2842139,0.00925,320.5033955059904,0.0012600806451612,301822.7817166783,67533.8618040406,0.0,4,3604
2852139,0.00125,319.7431822221848,0.00125,304253.8290079531,68688.45712932259,0.0,0,3596
2862139,0.00925,318.9279067159212,0.0012600806451612,306467.7982994146,69728.05120681495,0.0,4,3599
2872139,0.01325,318.2085546695337,0.0012651821862348,308445.6783552494,70400.80903762527,0.0,6,3604
2882139,0.00725,317.79397176888415,0.0012575452716297,310548.7789049472,70662.59296292803,0.0,3,3597
2892139,0.00725,317.47187808054866,0.0012575452716297,312426.92725885863,71393.2602804178,0.0,3,3602
2902139,0.00325,316.9436060781375,0.00125250501002,314475.4687716383,72012.02000751455,0.0,1,3606
2912139,0.00325,316.270617576977,0.00125250501002,316821.65893833485,72532.458630394,0.0,1,3603
2922139,0.01525,315.42483092008973,0.0012677484787018,319228.55580156366,72985.98068991376,0.0,7,3602
2932139,0.01325,314.5258802532895,0.0012651821862348,321654.41408411734,73562.46243207794,0.0,6,3598
2942139,0.0035,314.1616354631783,0.001503006012024,322030.4867372183,74611.28640867452,0.0,1,3630
2952139,0.00625,314.9412680093993,0.0002515090543259,323455.4006574892,74633.3770095716,0.0,3,3634
2962139,0.00075,314.8989294560451,0.00075,323993.2754254595,74569.05242682475,0.0,0,3664
2972139,0.00675,315.2057154796596,0.0007545271629778,325204.04664723034,74491.16619016878,0.0,3,3685
2982139,0.00975,315.2786640730026,0.0017641129032258,327092.9741490154,74288.08592170557,0.0,4,3689
2992139,0.00875,314.8891144428785,0.0007560483870967,329240.17731359426,74230.73232462173,0.0,4,3692
3002139,0.00475,314.24314463787323,0.0007530120481927,331381.5103653184,74784.8714167964,0.0,2,3689
3012139,0.00475,313.77356755448534,0.0007530120481927,333805.7861868755,74923.17433037754,0.0,2,3685
3022139,0.00475,313.19274196190185,0.0007530120481927,335662.3596361186,75404.49392971247,0.0,2,3693
3032139,0.00825,312.8152106483245,0.0002520161290322,336633.3199624363,75762.58107123338,0.0,4,3726
3042139,0.0315,312.6389688308128,0.0015463917525773,337405.2178845512,75640.74845566861,0.0,15,3763
3052139,0.0035,313.1715822903216,0.0035,336924.1960978836,76269.006869746,0.0,0,3843
3062139,0.00325,314.1239506109945,0.00325,337313.42765146535,76708.63064762417,0.0,0,3875
3072139,0.00375,315.07011889761503,0.001753507014028,338850.9513888889,76782.26724984379,0.0,1,3873
3082139,0.00375,315.16917309699534,0.001753507014028,340927.70461236505,76599.56764208841,0.0,1,3870
3092139,0.00375,314.9881683844096,0.001753507014028,343064.7246291577,77437.45640024838,0.0,1,3853
3102139,0.01575,315.0032928891968,0.0017748478701825,345582.53159511206,77650.32060123784,0.0,7,3839
3112139,0.00625,314.407550562491,0.0002515090543259,346252.82014949626,78812.6386754967,0.0,3,3866
3122139,0.012,315.0055779066852,0.0,346947.425098597,79350.74233506106,0.0,6,3890
3132139,0.00725,315.48944666887394,0.0012575452716297,346962.257830552,79564.72247967124,0.0,3,3929
3142139,0.0075,316.3002018688543,0.0015090543259557,347880.9179071105,79339.01434408415,0.0,3,3949
3152139,0.00525,316.6672535697188,0.0012550200803212,348606.2105497299,79240.72613174067,0.0,2,3985
3162139,0.00775,316.75875095939807,0.0017605633802816,350634.9927655794,79173.32321228327,0.0,3,3980
3172139,0.0065,316.2504543464205,0.0025100401606425,352917.041854271,79227.63560416846,0.0,2,3974
3182139,0.0065,315.7182008705465,0.0025100401606425,355236.9355431613,79370.60474716203,0.0,2,3969
3192139,0.0025,315.1622156804575,0.0025,357639.3878223405,79996.91188594984,0.0,0,3963
3202139,0.001,314.52875718386986,0.001,357112.9693448081,80518.55691858969,0.0,0,4048
3212139,0.0045,315.0827532681493,0.00250501002004,358098.86040402774,80273.95612088099,0.0,1,4065
3222139,0.0045,315.6333106672307,0.00250501002004,357315.54640644364,80225.17109846232,0.0,1,4152
3232139,0.00525,316.8220178649495,0.0032565130260521,358056.2664571006,79928.75641241984,0.0,1,4167
3242139,0.00775,317.5503579581258,0.0017605633802816,359817.8107742451,79825.50662974152,0.0,3,4155
3252139,0.00375,317.902279084627,0.001753507014028,361913.303709618,79950.89595520642,0.0,1,4140
3262139,0.00575,317.9607000192205,0.0017570281124497,364279.0436464088,80203.36892961267,0.0,2,4117
3272139,0.00375,317.7283116640216,0.001753507014028,366607.2368856985,80784.68636250311,0.0,1,4103
3282139,0.0055,317.4973393875153,0.0015060240963855,367981.9621406728,82149.10761960037,0.0,2,4110
3292139,0.00575,317.63519098069673,0.0017570281124497,368741.9065676548,82463.75824175825,0.0,2,4144
3302139,0.01075,317.641383357878,0.0007575757575757,370304.56951189897,82794.69958813839,0.0,5,4163
3312139,0.00275,317.38667972569993,0.000751503006012,372073.6845389555,83478.43428947152,0.0,1,4178
3322139,0.00275,317.05548744348147,0.000751503006012,374135.70212379744,84727.4135017636,0.0,1,4177
3332139,0.00475,316.6744244462791,0.0007530120481927,376303.7834129239,85981.58396790305,0.0,2,4170
3342139,0.00475,316.29564180304885,0.0007530120481927,378351.5779401111,87156.98863914997,0.0,2,4170
3352139,0.00075,315.89334451823146,0.00075,380710.59429123165,88344.59782963447,0.0,0,4158
3362139,0.00275,315.467742410412,0.000751503006012,382921.9345754944,89657.00724991853,0.0,1,4152
3372139,0.00275,315.0190428093266,0.000751503006012,384874.26932803466,90863.37055713704,0.0,1,4153
3382139,0.00075,314.7262723383042,0.00075,387053.9284081338,92415.38319805196,0.0,0,4144
3392139,0.01475,314.2569334570311,0.000760649087221,389223.9642943015,93615.68349813584,0.0,7,4143
3402139,0.01475,313.81574944468764,0.000760649087221,391249.50060038426,94922.3380270292,0.0,7,4138
3412139,0.00075,313.2252232397332,0.00075,393547.1419827172,95528.58520614388,0.0,0,4133
3422139,0.00275,312.5371587770105,0.000751503006012,395512.442886252,95862.62686808304,0.0,1,4140
3432139,0.00475,312.0796681020203,0.0007530120481927,397782.0364180893,96146.05235137531,0.0,2,4137
3442139,0.00675,311.47423157519205,0.0007545271629778,400046.3899066092,96562.61334515271,0.0,3,4135
3452139,0.00675,310.8472746896924,0.0007545271629778,402379.0932375823,96964.12069243156,0.0,3,4130
3462139,0.00675,310.2738509343501,0.0007545271629778,404469.0877077604,97574.71253921016,0.0,3,4133
3472139,0.00675,309.72861397541976,0.0007545271629778,406627.55582770775,98263.4157628344,0.0,3,4132
3482139,0.00075,309.16169630218667,0.00075,408782.7978151863,98785.15465489568,0.0,0,4129
3492139,0.01475,308.6475080172925,0.000760649087221,411005.2045102016,99190.52072144288,0.0,7,4124
3502139,0.00475,308.1855974305988,0.0007530120481927,413075.8400882108,99680.53426192763,0.0,2,4125
3512139,0.011,307.72631721011044,0.001010101010101,414973.6343074817,100362.4405627948,0.0,5,4135
3522139,0.003,307.1224616632109,0.001002004008016,417238.66428698914,100373.11733226838,0.0,1,4128
3532139,0.005,306.6443308148405,0.001004016064257,419522.0690413892,100992.81604977664,0.0,2,4120
3542139,0.001,306.0957235162144,0.001,421674.56346565246,101407.8039684437,0.0,0,4117
3552139,0.003,305.623175219213,0.001002004008016,423748.4428545984,101877.06048547552,0.0,1,4117
3562139,0.003,305.1290250043584,0.001002004008016,425968.0291360076,102355.86081081082,0.0,1,4111
3572139,0.001,304.66182866904114,0.001,427980.9622977059,102946.459272785,0.0,0,4111
3582139,0.007,304.2454801446845,0.0010060362173038,430266.8267259259,103578.49817662916,0.0,3,4102
3592139,0.013,303.71118712277007,0.0010121457489878,432215.9927193087,104069.48348776432,0.0,6,4104
3602139,0.001,303.2278321297429,0.001,434416.9274093356,104645.76103464642,0.0,0,4099
3612139,0.011,302.6275566914784,0.001010101010101,436637.7911418603,105018.93226367372,0.0,5,4095
3622139,0.013,302.1260089687337,0.0010121457489878,438853.5889828004,105362.7681193747,0.0,6,4090
3632139,0.009,301.65101060284314,0.001008064516129,440909.88454497134,105878.63638514312,0.0,4,4087
3642139,0.005,301.22606523254603,0.001004016064257,442986.9460639679,106440.9716490786,0.0,2,4082
3652139,0.015,300.7797895972744,0.0010141987829614,445239.7728881548,106935.3607833884,0.0,7,4077
3662139,0.007,300.1943945874255,0.0010060362173038,447358.69451158406,107441.8602640679,0.0,3,4074
3672139,0.011,299.5886593617508,0.001010101010101,449707.9609784851,108032.41608419069,0.0,5,4069
3682139,0.005,299.03314350707564,0.001004016064257,451921.7783997172,108650.2693816698,0.0,2,4061
3692139,0.013,298.5508400415044,0.0010121457489878,454234.5979381444,109236.1171813764,0.0,6,4054
3702139,0.005,298.047804255864,0.001004016064257,456542.9012251149,109813.64685615848,0.0,2,4046
3712139,0.013,297.40782874779205,0.0010121457489878,458925.9852161621,110367.59602441695,0.0,6,4040
3722139,0.005,296.86414182812626,0.001004016064257,461143.9921691003,110939.58151536476,0.0,2,4034
3732139,0.009,296.25391765955123,0.001008064516129,463411.1618789734,111318.29428772368,0.0,4,4029
3742139,0.005,295.6700432560095,0.001004016064257,465701.5570007651,111661.1426674996,0.0,2,4024
3752139,0.005,295.204415401455,0.001004016064257,467743.142504264,112258.34742589704,0.0,2,4019
3762139,0.013,294.7642285412634,0.0010121457489878,469642.0941833138,112871.74328009348,0.0,6,4018
3772139,0.001,294.3721851183109,0.001,471811.7432900687,113499.7722533458,0.0,0,4009
3782139,0.005,293.9365263941913,0.001004016064257,474056.24379073456,114132.0062174555,0.0,2,4007
3792139,0.009,293.2981095893373,0.001008064516129,476326.368733122,114296.84626738132,0.0,4,3998
3802139,0.005,292.79939528775776,0.001004016064257,478394.853262145,115131.71237873496,0.0,2,3991
3812139,0.003,292.39395520467644,0.001002004008016,480263.0853408359,115865.3529958918,0.0,1,3989
3822139,0.013,291.9002160831932,0.0010121457489878,482321.7366293715,116106.77356152714,0.0,6,3989
3832139,0.011,291.3414153296632,0.001010101010101,484378.2352321293,116367.22844760872,0.0,5,3988
3842139,0.001,290.85298579775485,0.001,486318.28382568,116758.01623627648,0.0,0,3987
3852139,0.003,290.5016667363249,0.001002004008016,488424.5979652692,117128.55504941322,0.0,1,3983
3862139,0.003,290.0179408353764,0.001002004008016,490667.96889980126,117825.5218296822,0.0,1,3974
3872139,0.005,289.4251471860902,0.001004016064257,492905.1525512888,118061.70195050495,0.0,2,3971
3882139,0.009,288.8131517186788,0.001008064516129,495140.65714118746,118183.43762040533,0.0,4,3970
3892139,0.013,288.20430102830346,0.0010121457489878,497087.5789781022,118477.33166448431,0.0,6,3972
3902139,0.013,287.7314211513224,0.0010121457489878,499146.9591455585,118723.71535205848,0.0,6,3969
3912139,0.001,287.216788565028,0.001,501057.8553767203,118808.73025759324,0.0,0,3971
3922139,0.009,286.6607226311969,0.001008064516129,503228.19291086105,118825.97832936294,0.0,4,3971
3932139,0.015,286.019593915678,0.0010141987829614,505368.7179322805,118807.43458554198,0.0,7,3973
3942139,0.009,285.42555196557,0.001008064516129,507537.9354462829,119008.60308684634,0.0,4,3971
3952139,0.003,284.90010093268484,0.001002004008016,509763.8085279897,119265.1240024555,0.0,1,3966
3962139,0.011,284.311883051049,0.001010101010101,512074.0549309722,119441.01656695812,0.0,5,3963
3972139,0.009,283.6831238785954,0.001008064516129,514204.6039713504,119680.6997393038,0.0,4,3961
3982139,0.008,283.1877038948163,0.0,516273.9149060008,119759.94223107568,0.0,4,3960
3992139,0.012,282.6514808226867,0.0,518429.36640288605,119914.50574272589,0.0,6,3959
4002139,0.0,282.07476052181096,0.0,520703.0633618432,120192.1865911526,0.0,0,3955
4012139,0.01,281.60858833654567,0.0,522883.5960095399,120776.99250592644,0.0,5,3949
4022139,0.012,281.12325307504284,0.0,524999.2023027273,121143.5176128983,0.0,6,3943
4032139,0.0,280.68318081296303,0.0,527140.656493431,121491.80517596765,0.0,0,3937
4042139,0.016,280.07428740080434,0.0,529398.8974597454,121664.6439746623,0.0,8,3935
4052139,0.018,279.4470772103326,0.0,531625.5188026737,121641.59217152448,0.0,9,3935
4062139,0.0,278.9293030100644,0.0,532712.7037810253,121995.46004270246,0.0,0,3952
4072139,0.024,278.668680022956,0.0,533963.9416020373,122041.98012791228,0.0,12,3969
4082139,0.007,278.3881685557498,0.0010060362173038,534848.354767952,122276.5437542766,0.0,3,3999
4092139,0.035,278.3201645887395,0.0010351966873706,535717.4083242185,123330.36011227431,0.0,17,4023
4102139,0.031,278.4209896349197,0.0010309278350515,537205.6936429475,125910.35524623648,0.0,15,4036
4112139,0.023,278.0800940824228,0.0010224948875255,538298.0937034064,126708.76494144314,0.0,11,4041
4122139,0.007,278.03429239043123,0.0010060362173038,540246.7508309456,127109.38643045608,0.0,3,4024
4132139,0.007,277.9887123835863,0.0010060362173038,541969.1537580858,127297.99112448288,0.0,3,4004
4142139,0.097,278.0476463971876,0.0011061946902654,543736.5792634108,127150.35506376594,0.0,48,3999
4152139,0.0,277.8565939146065,0.0,543436.2951052932,127070.78004942708,0.0,0,4032
4162139,0.002,277.9570792806295,0.0,544658.2547003692,126769.68715459298,0.0,1,4039
4172139,0.0,277.8914125344338,0.0,544407.1764473089,126542.3901184887,0.0,0,4076
4182139,0.004,278.36320122310616,0.0,544607.004054739,126313.75820097966,0.0,2,4085
4192139,0.003,278.89456909706473,0.001002004008016,545174.7087122488,125942.76566656811,0.0,1,4098
4202139,0.126,278.9916278352525,0.0,546835.5657415194,125767.0919743533,0.0,63,4103
4212139,0.002,278.7600314234644,0.0,548708.2680822455,125608.2570272259,0.0,1,4100
4222139,0.008,278.406750701481,0.0,550883.4658040665,125561.95185593532,0.0,4,4091
4232139,0.01575,277.973478659373,0.0017748478701825,552342.0725391499,125997.40239424208,0.0,7,4098
4242139,0.01,278.0717934985157,0.0,552614.5401203611,126175.08445030396,0.0,5,4123
4252139,0.01,278.1899650975662,0.0,553319.7406934104,126025.90942955228,0.0,5,4143
4262139,0.002,278.145410086344,0.0,552397.7580092797,126021.8900225931,0.0,1,4196
4272139,0.001,278.6875614300003,0.001,552896.729024444,126122.7462264151,0.0,0,4206
4282139,0.0,278.9648818032297,0.0,554006.939903318,125912.95161290324,0.0,0,4217
4292139,0.01,278.83831348425576,0.0,555990.6691188581,126024.26357204736,0.0,5,4212
4302139,0.006,278.53158626441405,0.0,557788.1014150943,126275.52512798327,0.0,3,4207
4312139,0.0,278.386573345618,0.0,559701.0931214031,126634.55635526126,0.0,0,4200
4322139,0.01575,278.20225124643144,0.0017748478701825,560171.9862332696,127026.50528131064,0.0,7,4222
4332139,0.0115,278.2381636415637,0.0015151515151515,560903.8215939424,126868.64432657158,0.0,5,4245
4342139,0.03,278.0749303511472,0.0,560611.4845740931,126789.27935599284,0.0,15,4297
4352139,0.0,278.3889025603272,0.0,560651.8919488094,126926.7884903373,0.0,0,4317
4362139,0.004,278.8995032024427,0.0,560612.6496935154,126568.5104751083,0.0,2,4341
4372139,0.006,279.229914693929,0.0,561959.1653158714,126232.37650389245,0.0,3,4339
4382139,0.012,279.2433558132227,0.0,563777.6534212785,125985.4632493116,0.0,6,4335
4392139,0.002,279.02067762427373,0.0,565383.4116323907,125926.078821207,0.0,1,4335
4402139,0.004,278.83826476174426,0.0,567553.563795042,125856.19518547197,0.0,2,4332
4412139,0.00175,278.4412730423951,0.00175,566386.9102857447,125903.763133835,0.0,0,4394
4422139,0.00175,278.78852292974057,0.00175,566389.1116528006,125716.65106174225,0.0,0,4422
4432139,0.0,279.3681335355232,0.0,565406.7790654796,125704.27416090992,0.0,0,4469
4442139,0.018,280.1396354323897,0.0,566459.4366952226,125716.3086162605,0.0,9,4482
4452139,0.002,280.1120090814775,0.0,567897.1385769756,125611.7410974089,0.0,1,4485
4462139,0.0,280.06514364523383,0.0,569953.2270820222,125432.43660121682,0.0,0,4474
4472139,0.006,279.7673328132243,0.0,571705.5537510478,125338.3218700366,0.0,3,4467
4482139,0.002,279.64433945488975,0.0,573986.1146149817,125262.04990694148,0.0,1,4460
4492139,0.00575,279.1179881121221,0.0017570281124497,575781.3690077454,125322.63306229327,0.0,2,4464
4502139,0.0055,278.88183816625826,0.0015060240963855,576147.5322833003,125453.35645472062,0.0,2,4484
4512139,0.012,279.10629526262375,0.0,577050.7826969097,125502.09179473108,0.0,6,4491
4522139,0.006,279.5972436937476,0.0,577273.079251542,128219.81262812628,0.0,3,4511
4532139,0.00575,279.8572594529868,0.0017570281124497,577741.2574395536,128341.1060626703,0.0,2,4529
4542139,0.01475,280.1161303077691,0.000760649087221,579043.3667680883,128525.91498030694,0.0,7,4533
4552139,0.00575,280.1271226559646,0.0017570281124497,580698.3418151849,128491.79517582493,0.0,2,4524
4562139,0.002,280.25169772337057,0.0,582702.5233462034,129289.26314366808,0.0,1,4507
4572139,0.014,280.0922719103684,0.0,585022.7292664093,129457.01005262448,0.0,7,4496
4582139,0.00875,279.66956043891287,0.0007560483870967,584795.589031266,129694.9521305286,0.0,4,4528
4592139,0.011,279.8883918801238,0.001010101010101,585780.1571976476,129633.70139822533,0.0,5,4549
4602139,0.0015,279.7307947456606,0.0015,585372.8122868631,129559.64597315436,0.0,0,4584
4612139,0.00675,280.2108089110064,0.0007545271629778,585993.0128901295,129357.20925257388,0.0,3,4607
4622139,0.011,280.20273730409235,0.001010101010101,587266.6084291576,129191.2114743162,0.0,5,4624
4632139,0.009,280.06413451755225,0.001008064516129,588898.3477864913,129084.05654345657,0.0,4,4629
4642139,0.039,279.79584411410343,0.001039501039501,590764.4083716698,128966.56868223242,0.0,19,4628
4652139,0.099,279.56585132129544,0.0011086474501108,593015.509199353,128871.69461236964,0.0,49,4627
4662139,0.013,279.0403289134022,0.0010121457489878,595113.956093371,128849.55004316928,0.0,6,4626
4672139,0.003,278.6280117094119,0.001002004008016,596941.6685345045,128825.60868122386,0.0,1,4623
4682139,0.013,278.32817436645945,0.0010121457489878,598675.5054717838,128758.015514155,0.0,6,4630
4692139,0.01225,277.992787511197,0.0002530364372469,599960.8708215868,128699.60078161224,0.0,6,4645
4702139,0.013,277.695576417456,0.0010121457489878,601757.4412030983,129320.97432673856,0.0,6,4647
4712139,0.007,277.3629555494861,0.0010060362173038,603671.7009449136,129776.49560388707,0.0,3,4644
4722139,0.009,277.12322741876085,0.001008064516129,605675.1102124881,130096.385052159,0.0,4,4645
4732139,0.003,276.66541494237595,0.001002004008016,607223.220488637,130601.07800435556,0.0,1,4650
4742139,0.013,276.48282768598733,0.0010121457489878,609556.0354186525,130567.65324546953,0.0,6,4646
4752139,0.013,275.93738314472705,0.0010121457489878,611795.2696127609,130788.85807471832,0.0,6,4647
4762139,0.017,275.430515572939,0.0010162601626016,613791.2677595628,131190.77485014164,0.0,8,4654
4772139,0.015,274.98008754564773,0.0010141987829614,615848.22519543,131634.5247563866,0.0,7,4656
4782139,0.017,274.49540885365315,0.0010162601626016,617965.3952812704,132060.48245902715,0.0,8,4659
4792139,0.017,273.95866438765654,0.0010162601626016,620237.4051089407,132198.0148733136,0.0,8,4659
4802139,0.007,273.3881713961216,0.0010060362173038,622508.9108028247,132198.0148733136,0.0,3,4660
4812139,0.001,272.83800405599254,0.001,624437.8766766767,132192.51158199526,0.0,0,4665
4822139,0.001,272.397622714733,0.001,626462.77973987,132136.68933763073,0.0,0,4668
4832139,0.007,271.9590640914924,0.0010060362173038,628766.5738582362,132084.1287968442,0.0,3,4666
4842139,0.001,271.5223168934225,0.001,628724.0444510889,132231.26299533417,0.0,0,4719
4852139,0.00475,271.53253441420367,0.0007530120481927,629710.3234548257,132672.726342711,0.0,2,4716
4862139,0.003,271.75594938770774,0.001002004008016,629139.7369463004,132555.50192898713,0.0,1,4760
4872139,0.001,271.99618073293885,0.001,629209.6486513142,132301.6573216847,0.0,0,4792
